customer_id,optimal_discount,predicted_revenue,causal_optimization_status
1,14.69,2094.19,integrated
2,8.07,4267.79,integrated
3,13.54,3131.84,integrated
4,14.32,2337.3,integrated
5,8.15,3244.98,integrated
6,6.0,2720.42,integrated
7,5.2,6041.47,integrated
8,19.14,5119.37,integrated
9,13.82,4020.59,integrated
10,7.1,5851.02,integrated
11,15.53,4141.5,integrated
12,4.06,3006.08,integrated
13,12.36,5913.31,integrated
14,11.42,4736.93,integrated
15,11.5,2813.08,integrated
16,2.18,3841.84,integrated
17,14.76,2999.13,integrated
18,17.63,2369.36,integrated
19,10.06,5165.21,integrated
20,7.88,6296.16,integrated
