age,income,past_purchase,product_price,discount,revenue
56,65094.39,64.9,3589,11.24,3644.35
46,41346.62,13.83,4884,5.73,4627.81
32,62535.38,99.17,1220,8.51,1782.47
60,33054.4,153.17,998,8.97,1018.93
25,57947.06,149.84,2173,9.77,1831.12
38,71623.53,86.29,3567,10.16,3611.89
56,20000.0,81.93,614,8.9,537.93
36,38046.57,114.06,3479,9.76,2424.64
40,58656.08,70.05,2236,9.74,2019.15
28,46954.32,109.05,4111,9.05,3667.62
28,55567.19,122.98,2753,10.09,2960.87
41,40940.22,136.81,2794,11.38,2210.98
53,51298.85,97.0,4130,5.48,3806.75
57,47664.84,93.89,646,9.24,969.43
41,67516.73,73.66,4482,10.43,4135.28
20,53816.31,75.19,3953,10.76,3478.4
39,55064.04,93.21,2910,7.6,2464.77
19,43821.85,111.02,636,7.29,698.52
41,42685.91,127.41,3860,10.85,3436.21
61,43511.63,75.9,3505,4.88,3105.72
47,55916.78,144.78,4052,13.36,3300.41
55,43685.23,91.87,518,9.47,227.34
19,54346.62,99.36,2742,12.82,2095.64
38,81131.01,77.58,948,8.43,1150.58
50,63066.87,27.27,2448,7.83,2497.05
29,45109.65,126.52,1445,4.97,1657.68
39,68018.21,122.11,4736,9.25,4302.86
61,43878.87,91.56,2420,8.66,2140.45
42,20000.0,102.01,3477,4.11,3269.67
44,34878.71,115.48,4688,8.26,4610.37
59,21938.12,53.12,4515,3.18,3826.76
45,44727.3,84.13,738,8.4,524.16
33,50276.28,123.83,704,12.28,355.03
32,75146.56,62.37,3107,9.93,3208.16
64,54903.91,108.81,4840,13.24,4059.32
61,46713.49,59.3,3888,10.09,3006.52
20,62441.08,113.99,3472,13.1,3087.68
54,20000.0,98.93,4890,6.45,4466.59
24,53534.22,51.55,3187,7.13,2794.26
38,61562.98,134.94,4666,11.47,3936.93
26,27821.21,77.96,1848,4.79,1551.88
56,67156.31,75.69,4900,10.81,4584.96
35,55077.45,106.02,1316,9.23,1264.9
21,43770.68,134.46,1320,12.54,1099.15
42,59491.73,69.53,692,10.72,290.4
31,84060.39,101.85,2276,13.43,1922.64
26,52727.99,112.86,4145,8.39,3879.0
43,53723.31,120.79,750,12.2,751.73
19,43109.59,105.29,2288,12.15,2061.41
37,37252.33,88.99,4200,8.56,3566.16
45,62455.04,75.17,2963,8.15,2002.89
64,37158.74,102.58,1667,7.47,2085.5
24,51073.49,67.84,4393,11.39,3501.85
61,42835.14,12.36,1596,12.76,803.27
25,57184.7,113.1,3179,8.16,2962.21
64,55004.93,127.12,2347,8.18,1646.38
52,65563.1,29.11,4404,10.7,3692.06
31,42349.75,69.71,1004,7.0,1100.43
34,45951.88,118.57,2121,11.71,2408.08
53,35318.54,161.72,2972,10.93,2768.23
57,43335.6,100.62,3046,9.13,2639.13
21,55659.51,78.16,1887,10.23,1680.9
19,61354.83,94.51,3494,10.72,2579.76
23,36167.52,141.25,4316,9.27,3784.74
59,63044.09,80.62,1217,6.25,1008.4
21,70334.57,76.02,3984,10.39,3618.16
46,56201.52,85.52,4934,12.67,4894.25
35,78151.94,71.4,1158,7.12,496.68
43,38393.16,103.68,4508,7.06,4070.47
61,31330.18,148.74,4734,10.39,3696.31
51,23319.2,109.69,4264,8.44,3756.53
27,72440.66,92.43,3489,11.29,2838.38
53,59815.48,91.25,2604,8.42,1939.25
31,49166.23,53.1,1755,10.85,1840.19
48,54199.53,126.49,2982,10.33,2754.34
32,33117.66,97.66,883,10.0,1036.36
25,86686.28,94.59,3107,11.87,2581.65
31,51938.32,195.79,693,11.86,595.44
40,51640.92,108.96,4307,11.01,4314.25
57,60886.5,77.45,4219,9.97,3800.03
38,57215.14,87.21,3081,7.22,3103.42
33,53358.26,134.45,3065,12.53,2499.7
62,38142.88,103.4,3263,10.61,3134.66
35,57072.03,56.85,3298,4.78,2977.49
64,78230.37,127.58,2839,10.15,1985.61
41,70181.3,79.96,3906,12.19,3429.87
43,73897.8,156.2,1231,8.17,994.08
42,42331.76,132.4,3372,11.65,2495.64
62,35155.93,86.58,3620,8.21,3382.95
58,48113.2,138.43,4677,12.85,3811.87
46,50835.87,102.04,3104,9.58,3737.48
32,66412.87,125.58,2882,9.39,2175.87
62,24613.03,114.54,1031,9.14,576.35
18,72943.25,74.61,4816,10.08,4593.72
42,47629.88,80.69,1134,7.37,1012.9
24,43596.78,130.9,2269,14.23,2204.71
26,34818.43,89.96,4304,6.6,4136.84
41,25177.15,87.89,2870,3.53,2596.61
18,62347.56,71.35,502,12.71,26.62
61,51099.77,112.71,705,8.64,968.78
25,30650.59,161.88,4635,9.18,3827.99
41,30573.82,67.97,3121,7.17,3066.86
28,44963.23,100.73,3390,8.12,3393.34
34,75035.32,142.37,3693,10.07,3287.43
25,46106.13,97.61,3166,7.26,2847.71
52,27452.86,113.57,3806,8.77,3180.37
52,46313.85,68.13,1397,7.87,1427.86
50,45909.15,112.85,1585,11.01,500.05
22,20000.0,94.39,1779,8.85,1839.05
59,49185.58,129.57,1170,8.2,1113.84
56,46535.98,135.62,2005,10.26,1736.59
58,60443.1,177.69,4075,10.74,3715.36
45,77734.34,117.39,2455,9.25,1819.34
24,66898.48,109.77,749,11.92,0.0
26,45966.67,105.83,2392,9.17,2316.35
25,33402.11,89.41,3939,7.64,4035.58
29,88600.4,110.15,2353,9.92,1601.02
51,50888.28,91.14,3354,7.31,2795.77
50,50208.94,105.05,2003,13.59,1959.66
40,49638.12,139.53,3885,10.94,3571.81
41,52971.27,69.8,4071,6.86,4682.66
54,47834.59,134.2,4292,10.65,4161.57
52,41395.07,139.51,3926,11.98,3710.32
61,41797.12,96.46,543,9.35,265.96
57,49508.7,36.34,4112,10.95,3820.25
39,41848.63,81.77,3118,5.64,3393.16
44,39307.31,138.91,3663,5.76,3406.83
52,51596.45,99.31,1788,10.09,1575.46
18,46175.34,70.02,3442,9.26,3167.7
52,72559.89,84.86,719,3.65,495.98
54,20000.0,125.22,2425,7.26,2333.46
64,66372.6,116.4,3472,8.63,3249.07
31,68691.28,92.83,4013,7.51,4158.51
20,20000.0,89.0,2948,5.76,2724.11
18,44859.69,88.25,3971,10.2,3771.04
22,44428.39,72.33,3274,6.63,3011.13
43,28887.32,148.46,1490,7.45,1575.42
31,38332.75,90.33,3446,5.49,3184.66
56,33341.36,136.51,2312,11.94,2212.2
44,76284.06,145.64,1303,12.6,1361.71
26,64035.18,129.95,989,5.82,615.38
32,69073.33,87.05,4056,8.23,4055.51
32,60825.08,112.11,1993,11.34,1720.4
43,33064.22,99.27,4145,11.2,3542.74
59,42132.2,72.89,3391,10.25,2832.74
30,57340.62,109.73,2205,9.35,2091.58
49,31668.08,64.63,4016,4.01,3855.38
56,60694.98,135.63,3840,12.49,3475.78
49,46395.12,86.06,553,8.45,625.94
21,44377.69,106.03,3075,9.48,2969.33
47,60664.4,108.5,4091,9.85,4524.24
54,56663.95,92.23,1115,6.97,1051.99
40,44585.51,117.6,1454,10.31,1087.25
56,67389.95,85.75,2933,10.54,2020.56
62,33784.05,126.14,2129,8.36,1596.2
32,59239.03,59.62,3281,10.1,3322.12
60,58896.52,103.79,1149,7.27,1284.53
46,45356.8,158.17,2847,9.89,2165.09
53,54892.0,69.99,4990,9.2,5272.45
30,31233.3,79.67,3778,4.69,3701.41
49,63860.41,115.42,3140,10.39,2955.4
24,47226.47,105.39,4301,10.94,4507.06
39,42159.15,110.52,3061,8.71,3319.48
45,65735.14,114.68,3749,10.51,3592.69
19,39434.84,119.04,870,10.48,1031.18
59,28873.08,133.29,1357,8.33,1524.74
62,26650.56,112.29,883,7.98,743.59
23,59090.15,92.76,4377,7.46,4139.46
45,30793.56,120.18,3052,8.91,2955.87
45,76321.91,157.0,4834,11.29,4255.09
61,20000.0,96.02,4790,8.92,4076.05
61,75446.85,70.76,3225,11.31,2782.39
37,53165.26,133.21,4534,11.9,3701.85
47,48549.3,96.39,3793,8.34,3498.92
28,41826.21,34.82,4751,3.43,4054.73
45,55987.04,125.42,4488,11.79,4064.89
42,49435.48,83.94,1422,10.01,792.75
56,66549.53,97.28,3415,9.0,2989.44
50,51713.41,109.96,3450,10.89,3228.66
18,52254.53,105.71,3546,6.83,3544.33
44,44545.82,121.28,1474,11.71,1506.69
30,49145.82,86.94,1730,8.53,1680.98
58,54617.03,115.39,2935,8.38,2356.7
20,24347.47,92.21,2314,6.82,2453.17
56,29777.22,122.16,3434,8.47,2817.91
23,61148.96,118.46,1863,10.4,2001.13
25,52562.98,71.94,4440,9.16,4223.61
44,47240.25,132.58,703,9.15,1050.29
26,50276.51,83.92,660,9.59,606.67
54,55213.73,124.24,4987,10.26,4233.33
50,41903.6,111.02,1268,8.02,781.84
59,38325.43,155.15,4248,8.42,3540.38
61,52937.68,93.3,3081,10.73,2262.19
41,35324.41,89.52,1593,9.61,1725.27
32,56123.79,99.42,1107,9.91,1320.52
49,24461.25,90.9,2040,9.89,2007.09
49,65437.33,124.0,3375,6.83,3138.32
41,57088.96,51.51,3691,7.76,4024.56
58,53840.45,68.39,2337,6.75,2151.93
29,64740.36,67.97,1189,14.11,1089.56
56,74982.12,128.51,4259,12.75,3705.66
19,65215.55,151.32,3449,11.13,2968.21
20,22386.89,96.87,2603,9.63,2544.62
54,30806.35,94.94,865,10.67,585.49
34,40627.72,102.1,4075,11.28,3408.04
19,50391.37,134.86,4699,12.06,4340.78
19,57764.89,72.18,4672,8.81,4113.43
45,39113.84,107.15,4825,8.1,4477.63
40,52801.5,129.26,2878,8.3,2540.58
54,38669.26,115.03,1705,10.24,1530.41
49,40827.23,105.69,4339,8.84,3756.74
50,28900.08,130.03,3235,8.21,2781.17
18,36151.5,18.9,3847,6.24,3361.43
36,29724.73,120.34,2175,11.79,2175.1
19,35361.9,80.38,798,10.28,769.93
61,65804.63,45.08,1456,12.85,1545.78
43,35759.02,115.34,1614,10.15,1761.21
49,89485.73,141.21,3005,12.41,2498.27
23,57399.77,95.88,1974,9.74,2049.15
49,52772.54,128.59,4960,8.17,4554.4
21,37124.63,148.37,4946,7.3,4541.75
28,60504.65,139.45,4226,11.83,4106.01
34,41365.43,149.2,3971,8.18,3816.66
55,51830.15,122.26,3328,10.46,2877.84
41,88401.27,102.26,3350,13.7,3040.88
22,48559.1,51.94,3006,7.14,2413.34
51,67239.1,92.62,4270,14.24,3739.13
23,39452.35,74.7,3464,6.49,2791.71
39,49475.17,165.13,1449,12.76,973.79
28,76562.01,94.72,3350,11.57,3140.57
33,40595.49,103.7,665,11.49,0.0
50,77186.73,116.54,3986,8.96,4173.19
26,60616.28,101.31,3009,14.67,2820.94
23,41563.0,150.85,1419,9.74,733.79
33,59486.12,81.32,613,10.95,1267.84
46,64588.32,105.84,4004,13.24,4279.47
20,59327.15,77.73,1491,8.31,1315.26
37,26446.63,60.4,4339,9.18,3664.47
53,39092.94,81.65,1758,7.04,2142.5
36,46287.22,98.89,3926,12.09,3351.33
43,48883.5,87.12,1014,7.67,987.19
20,59310.08,79.23,3696,9.63,3707.75
36,52665.52,57.81,4934,9.4,4425.8
37,29969.83,97.51,3084,10.02,2705.68
49,55702.97,54.86,567,12.82,114.24
24,59158.79,122.8,2096,9.51,1711.19
58,58396.86,102.47,4978,12.25,4293.2
50,66211.71,56.27,518,13.38,78.83
57,62508.83,90.72,3230,10.27,2556.58
56,56887.7,77.44,4021,8.29,3699.95
35,48947.51,109.58,1072,6.18,454.14
57,25085.59,140.21,2758,12.83,2144.74
18,56444.27,43.74,3402,8.21,3707.45
28,53115.32,103.45,1150,7.72,960.66
45,54073.68,95.2,3087,6.89,2735.92
42,30848.77,120.14,3762,6.94,3399.58
40,33784.15,106.4,1838,10.66,1545.08
48,65797.29,77.44,4134,11.95,3814.59
47,49406.67,90.43,3327,10.58,3129.07
59,60222.51,76.12,2717,9.8,2335.84
52,50424.78,132.28,4039,7.68,3668.79
24,50446.34,100.64,1537,8.08,1809.73
33,64074.26,157.04,4883,9.13,3988.74
43,42259.33,98.18,4478,10.22,4005.92
19,51441.81,78.75,3461,7.02,3260.96
18,43065.87,54.59,3726,6.82,3240.65
29,43482.56,45.91,1598,7.73,1441.39
22,45362.42,52.48,2824,4.98,2411.49
54,53332.01,108.01,1439,9.92,1490.64
49,42818.77,115.26,4216,9.23,3428.78
26,68836.34,52.56,3914,11.86,3770.02
58,36580.89,126.85,1948,7.73,1779.3
52,47196.93,85.51,1070,6.47,868.91
36,43404.03,104.4,3404,8.51,2816.04
33,71704.67,148.37,3005,9.36,3037.49
20,52948.32,126.91,1417,10.26,1079.81
37,65477.67,91.94,2374,6.39,1874.82
41,27716.59,73.26,2178,6.64,2351.01
50,54005.75,35.45,1115,6.55,771.71
41,63344.46,78.43,2249,10.87,1978.51
28,51234.26,93.67,4325,7.81,4235.5
25,65982.21,70.38,4688,6.23,4445.22
53,42240.67,96.06,2977,8.63,3242.23
55,71140.21,102.31,4005,11.24,3307.31
57,84483.47,93.25,3975,10.55,3495.41
37,44557.42,80.5,1635,7.62,1472.95
52,43317.46,105.06,4500,7.92,4332.94
42,71800.77,113.26,874,11.08,1167.14
52,73693.58,67.29,706,8.25,671.85
42,42157.1,142.33,1819,9.3,1612.85
46,43697.2,97.04,1641,10.63,1024.63
35,45773.23,100.57,3190,6.7,3013.09
63,29833.24,121.25,3755,8.83,3232.01
35,36220.22,107.0,589,5.37,746.09
19,34937.89,128.59,4608,9.77,4038.54
52,38483.04,108.61,3520,7.14,3199.78
33,49479.73,81.63,2357,11.15,1658.66
58,53513.22,110.85,1304,6.94,673.41
53,73257.51,65.69,1444,10.86,1847.44
50,35024.69,103.26,3289,11.26,2960.71
21,64764.84,99.0,4375,8.16,4142.41
50,46790.17,93.76,2110,7.49,1681.07
31,49258.04,96.14,3423,7.5,3431.91
38,60122.29,43.54,4382,7.91,4245.44
37,33159.17,83.54,3721,9.36,3134.36
25,55736.15,102.79,4891,8.71,4150.35
24,52496.78,104.8,2887,7.48,2454.47
20,57386.77,69.17,1441,5.22,1359.44
34,54337.53,137.97,3066,13.68,2700.84
50,86829.5,74.01,1475,14.18,1279.54
29,40433.9,129.08,1454,10.72,1691.57
39,42035.05,112.82,1762,7.74,1414.57
39,40652.89,80.61,1443,10.14,973.1
63,41667.84,153.26,2702,12.05,2381.14
47,40439.19,64.19,3827,7.8,3022.6
55,67835.25,127.57,4774,11.03,4460.17
55,71307.56,130.02,2759,13.63,2416.26
62,41438.81,79.88,2328,5.39,2103.54
25,37514.67,141.77,1757,11.71,1437.48
44,57071.23,92.5,964,9.09,1152.19
44,41716.65,108.66,3794,7.03,3793.84
51,59493.98,107.81,1730,8.07,1519.71
38,53043.85,95.97,3154,7.84,3087.07
47,27263.84,124.32,1384,6.43,1557.76
50,73212.58,123.8,4305,14.68,3777.42
45,76938.17,47.54,4356,10.78,3826.2
64,40808.17,139.13,3635,11.95,3319.07
50,44184.48,50.13,1424,9.34,980.83
22,54287.98,130.98,2046,10.46,1857.32
36,55016.85,133.8,1594,10.58,1359.49
21,59878.16,67.27,2911,8.54,2547.33
52,80153.07,87.68,3117,10.13,2285.93
34,47345.79,66.83,1262,5.89,881.42
61,38025.54,93.55,2823,10.94,2371.32
45,29310.21,90.76,4645,4.65,4700.05
47,39036.05,123.39,3275,7.3,3125.3
46,49503.1,139.31,3655,14.29,3418.95
63,76918.37,141.87,4470,11.96,4312.71
23,42235.83,83.13,2540,9.13,2409.39
52,53356.82,93.72,1083,10.82,1010.75
58,49753.66,49.5,4831,5.4,4279.86
54,67825.9,75.82,2603,7.12,3015.94
41,87903.99,128.95,2442,11.08,1749.84
46,42036.97,148.47,4955,8.26,4585.57
63,42658.41,62.97,609,8.24,810.53
48,65662.41,82.23,691,10.9,872.18
52,60228.37,99.21,1403,12.77,880.23
50,77700.61,108.4,1361,12.68,1065.77
38,58758.92,75.71,1583,7.46,1227.44
49,44610.62,112.72,1149,8.74,457.89
40,58859.82,85.78,4634,8.36,4288.05
50,66630.55,99.57,4111,8.29,3557.91
20,62307.23,116.39,1136,7.95,1500.77
35,57609.11,100.19,1536,13.21,1520.61
42,66000.12,86.91,4631,10.06,4180.17
59,67539.43,96.71,2648,9.86,2247.93
48,70732.38,97.35,4365,11.45,3902.57
20,59730.65,88.9,3657,10.83,3186.78
57,47493.23,92.24,4087,11.46,3642.38
63,52200.71,147.96,3794,9.08,4024.36
41,68097.63,116.83,4761,11.55,3895.33
49,37745.96,91.14,2930,6.89,2680.33
64,55530.1,120.91,2379,9.81,2361.06
39,44099.92,89.99,4466,9.12,3941.44
40,50431.17,135.19,4213,10.53,4247.4
19,69176.78,111.09,4626,10.9,4328.58
44,52866.49,96.78,4606,11.18,3878.17
59,50696.55,113.43,2511,8.61,2359.44
19,29602.16,52.87,3873,7.9,3357.2
43,61193.8,66.2,2643,7.87,2198.09
34,59682.26,64.18,3000,15.11,2506.59
57,82448.82,104.29,1789,9.38,2003.4
50,45383.33,151.98,1947,8.91,2001.77
26,53287.25,166.94,3699,12.77,3224.93
60,53740.76,119.14,2443,9.21,2455.91
56,73661.8,115.03,3683,12.75,3297.47
46,48570.57,45.97,3716,8.65,3044.83
59,54185.32,83.72,3636,8.58,3283.1
43,59118.45,76.37,3818,7.98,3493.75
52,52799.14,81.37,3282,7.69,3260.57
42,43303.5,94.96,1490,8.28,1199.54
41,52911.35,85.84,2653,9.01,2142.65
30,66104.48,40.62,725,7.45,658.51
24,34602.27,122.44,1276,8.96,971.71
53,51994.55,67.82,3337,6.77,3016.14
62,39498.19,107.18,1187,10.63,1039.77
37,67925.7,162.22,1029,13.54,779.67
18,27152.2,72.42,3942,6.4,3980.94
25,41616.17,24.09,2653,6.04,2917.71
63,55658.18,91.42,1794,9.97,1876.81
33,73482.86,133.03,2026,13.87,1217.72
31,49013.75,158.75,3396,13.6,2746.35
29,41672.01,63.11,3603,5.54,3351.68
40,78217.36,114.9,2940,13.22,2000.85
32,28279.79,86.04,4635,8.01,4003.47
45,20000.0,96.82,4302,7.85,3909.68
51,56600.22,179.33,1344,12.43,1047.68
19,42469.19,54.91,946,7.26,881.57
49,34681.51,107.61,4415,11.08,3514.81
40,60625.35,114.03,3609,13.16,2999.4
39,53657.01,132.57,1734,13.26,1553.68
42,41538.82,102.94,726,5.45,692.6
39,30795.43,109.24,4643,8.27,4396.59
39,63086.86,88.25,3459,6.05,3368.99
59,59753.02,108.07,2330,8.62,2010.3
23,48512.36,89.7,4279,4.42,4128.39
32,77699.55,118.65,686,12.16,366.15
60,33948.73,88.91,3377,8.91,2997.56
54,27117.12,111.31,3035,7.72,2487.45
50,39621.38,99.12,2432,7.38,2575.09
25,49316.21,133.78,3424,10.77,2977.22
61,53650.09,98.46,1348,7.63,1567.3
61,46381.46,46.81,2532,6.1,2472.49
22,55280.83,137.86,1752,8.12,1348.24
56,31226.91,72.83,2381,7.61,2277.32
21,71656.47,80.39,769,9.03,944.92
23,48767.73,82.13,2130,8.31,1932.13
62,66759.44,141.23,4905,12.21,4332.73
49,55140.88,35.93,3703,10.4,3153.45
47,56851.3,194.13,2074,14.63,1783.71
64,58546.51,131.68,3392,10.68,3105.01
52,56715.63,106.7,2195,10.66,1790.46
57,59640.84,98.35,3758,10.33,3049.08
33,69937.29,108.57,3762,7.32,3876.28
30,52947.82,115.63,1945,9.22,1950.36
59,60635.06,119.36,719,9.69,488.62
47,48653.96,116.67,552,8.74,573.13
36,71601.76,102.69,2257,10.55,1578.35
34,39854.12,94.08,2166,8.44,1392.99
36,77014.11,95.46,3285,8.79,3324.44
45,49397.63,94.15,1219,9.05,1180.36
43,28538.37,134.01,905,7.83,823.86
54,51921.57,117.81,2794,4.71,2735.63
43,39784.23,11.79,571,4.43,1513.89
40,62609.65,119.68,2553,10.7,2544.1
26,40210.64,105.84,1729,11.31,1222.97
29,43307.25,99.44,2067,4.3,1476.99
18,21656.89,88.34,4182,6.11,4245.53
18,43215.41,133.72,3453,10.7,3344.43
64,20000.0,128.43,4982,10.32,4643.98
51,26241.46,76.81,1198,7.01,872.48
49,61406.22,112.21,1326,8.95,1319.69
42,61787.0,70.85,848,11.95,531.82
57,56381.86,58.61,4408,10.58,4142.07
62,35495.36,81.2,807,10.12,1022.6
18,49284.33,125.87,3916,9.05,3402.51
33,49945.96,128.59,2834,12.3,2828.92
56,32624.53,115.39,3309,5.05,3179.85
22,72550.97,121.75,4058,13.33,3668.48
39,63160.43,115.49,4978,10.33,4074.11
46,46685.54,80.76,3977,9.21,3682.91
20,50403.29,112.96,3186,7.89,2735.38
29,53125.74,124.01,3485,6.51,3404.29
43,20000.0,122.63,775,8.67,1151.65
33,46292.34,135.67,3047,11.13,2798.77
54,39770.24,121.25,3264,10.82,2644.25
39,34975.7,110.54,836,10.15,942.41
46,45783.5,132.1,2473,10.67,2333.69
31,76965.3,99.2,3479,8.98,3786.98
45,59612.64,73.54,4468,10.99,4055.52
22,41432.32,95.11,1410,6.9,1139.89
64,58588.74,77.65,2496,11.7,2437.57
47,70990.33,79.74,3629,9.98,3231.04
63,63869.51,95.66,4704,10.01,4260.29
22,50894.46,76.23,4257,10.8,3520.94
29,40295.95,90.76,827,10.83,703.4
33,60473.35,43.19,2299,10.43,2069.78
43,55902.28,106.4,814,8.28,711.27
43,63427.9,100.04,4045,11.7,3397.57
38,59527.58,75.49,1634,7.86,1594.36
56,65743.29,119.78,3246,12.26,2574.64
53,41971.47,128.13,2020,6.81,1538.57
50,69760.91,51.77,655,9.34,808.26
47,52963.99,77.12,2224,7.55,2243.75
54,81128.91,76.93,3843,12.33,2979.0
40,39662.18,71.8,1386,10.65,691.69
27,76039.46,124.88,3573,11.7,2856.17
22,52968.66,94.19,3305,9.86,2943.32
53,40228.73,92.06,1221,10.26,1444.78
51,42741.71,39.88,1412,10.18,1223.67
48,45194.79,119.06,3857,9.72,3255.03
27,56362.49,62.82,1370,8.08,1305.83
36,57842.53,101.8,4608,11.22,4059.71
49,41394.5,108.32,997,5.52,530.93
18,49634.68,140.82,2256,12.12,1574.34
22,82134.06,60.74,1617,8.9,1070.43
62,75913.15,9.41,3909,8.5,4320.84
21,56544.86,105.52,3328,11.77,3197.47
33,50570.05,154.02,2147,9.78,1763.58
41,51800.47,137.17,3483,11.63,3414.58
33,59202.77,106.29,642,12.36,395.4
19,34658.11,85.25,3261,8.66,3303.77
45,46139.35,124.21,3935,10.41,3553.02
49,24971.24,70.79,2931,7.43,2517.83
44,55988.35,114.29,2348,10.32,2313.15
37,59707.94,115.16,3196,8.06,2983.25
41,42752.2,131.81,2217,9.19,2136.78
29,73609.8,182.79,3572,9.76,3293.51
52,31613.52,111.77,1567,7.02,1521.88
50,28034.38,84.73,3286,4.09,3394.3
50,53366.78,99.23,4291,10.18,4632.26
60,65706.47,46.93,1788,12.61,1938.63
54,75258.92,79.16,4371,9.43,4026.91
29,43116.74,87.72,2306,10.84,1965.47
20,66180.21,84.28,2004,12.25,1700.9
18,49422.37,104.57,3808,7.16,3161.48
50,47410.59,75.33,3451,6.91,3414.18
57,63254.9,133.63,571,12.82,197.35
27,59784.84,100.01,2190,9.8,1866.54
60,26354.12,99.72,1844,5.73,1942.42
61,72148.11,90.16,3803,9.14,3387.03
46,70701.37,104.66,3613,11.47,3054.13
30,40616.56,124.75,1382,7.94,916.8
29,55937.05,73.99,4734,3.73,4921.36
48,57410.45,80.26,3162,8.83,2635.19
63,53910.11,90.89,2004,9.03,1649.98
19,41745.42,59.62,2963,8.3,2181.39
52,39925.65,75.42,3053,11.02,2712.79
40,49616.69,85.71,1232,9.3,1019.98
34,67590.94,126.23,2248,11.39,2050.3
43,58154.0,107.88,4424,12.18,3536.17
25,44440.79,105.81,923,9.36,1060.05
46,61575.48,125.53,3978,14.86,2838.78
43,20000.0,95.88,2091,5.39,1953.51
27,67231.49,111.71,4985,8.73,4587.93
43,23904.29,96.9,4937,9.36,4495.08
51,44563.39,107.96,992,11.9,924.56
58,33204.95,82.52,691,7.91,875.43
24,30579.78,26.84,998,5.04,1345.87
21,67412.4,95.97,1756,13.81,1469.66
62,42984.48,142.68,2468,8.42,1974.17
28,55197.56,127.79,4822,10.99,4463.93
46,49296.19,128.96,2686,12.67,2265.42
53,57155.61,137.08,1316,9.72,1571.63
42,51152.33,102.66,3720,8.37,3231.25
38,30755.12,105.92,1973,7.55,1569.84
53,64944.0,81.47,1586,11.68,1446.34
27,42593.65,90.52,4699,11.06,3659.87
54,26651.27,118.47,2374,8.77,2029.14
26,43578.27,136.12,1370,13.67,1087.89
41,72511.4,95.82,2542,10.61,2341.42
52,62753.33,86.49,772,12.45,379.58
52,44770.22,100.02,1529,8.37,1140.1
53,44761.13,118.04,3718,14.27,3538.19
35,45175.47,56.68,4569,11.53,4039.73
56,81151.22,31.11,1551,9.42,1665.16
49,55729.03,83.48,4533,12.33,3814.27
41,56450.62,63.38,2073,11.86,1812.75
40,65454.25,84.76,3690,13.07,3274.48
49,53581.84,95.57,4888,4.63,5188.99
54,46114.37,86.4,4297,10.47,3784.3
29,47054.75,143.57,3789,11.31,3314.94
30,48925.98,109.8,4247,10.58,4130.22
40,49441.67,109.01,2605,10.09,2231.51
42,60914.44,118.67,807,10.91,807.87
52,50779.19,65.84,3859,11.42,3723.49
58,60989.6,131.17,3676,11.75,3075.18
47,48789.25,97.73,1751,9.83,1683.99
34,51179.53,120.11,3247,12.24,3376.83
37,20026.99,67.84,2017,8.19,2130.15
42,63744.92,53.39,1878,10.28,1771.98
39,55197.33,124.54,2461,13.98,2053.28
30,64970.15,111.29,4805,9.61,4165.5
36,20000.0,72.94,3363,4.43,2919.84
53,81325.62,73.91,3156,10.69,3273.75
29,47906.16,133.76,2994,10.5,3078.29
58,66622.74,64.32,4505,11.06,3811.52
36,34401.41,149.28,4063,9.92,3765.72
29,59191.61,72.98,1422,10.93,1302.17
26,34198.77,119.15,4732,14.1,4423.58
24,40643.47,90.14,4962,10.44,4561.61
45,78710.47,118.1,3459,13.25,2997.31
31,47139.76,83.68,683,8.77,463.1
48,53261.49,95.12,3858,6.79,3700.97
36,63051.02,101.23,1898,5.58,1690.66
64,57435.23,69.93,3296,8.23,3092.94
33,52256.28,122.22,1036,4.9,966.15
22,55474.42,84.6,1773,10.49,1477.75
52,86051.23,93.14,3467,10.4,2817.41
29,49135.72,70.17,3549,6.23,3484.14
42,53016.49,23.13,1596,8.38,1475.8
38,65759.82,94.27,1805,8.7,2187.09
53,66582.89,172.38,1415,12.68,931.07
40,67805.45,123.54,3581,12.28,3332.68
33,59580.95,99.42,4747,8.56,4318.66
56,32854.93,92.11,1528,8.01,2038.29
62,74501.47,100.67,2477,11.17,2368.07
59,32804.82,116.41,3854,6.15,3717.71
56,54539.53,64.58,3011,9.45,2704.42
31,38685.86,133.43,770,6.74,511.16
48,49037.92,121.46,1686,11.01,1597.39
22,54931.44,121.55,4700,9.31,3851.52
52,54820.36,113.15,4264,7.13,3562.44
40,56328.81,100.59,2898,8.67,2953.54
46,74205.67,120.19,4735,10.04,3734.64
60,56803.01,117.75,4682,12.33,4012.26
28,46337.65,89.38,2211,9.45,1689.98
35,64461.31,82.79,2730,7.97,2394.26
64,67842.06,103.06,628,13.75,600.1
29,31585.88,146.47,1769,10.76,1878.39
26,58961.0,62.83,4172,8.53,4183.22
27,60517.59,55.97,2101,6.04,1700.14
61,45536.55,104.94,4470,8.53,3952.23
34,70635.6,101.53,4744,10.12,5482.66
55,47749.17,105.2,1127,10.23,939.86
24,51883.65,107.32,4297,10.96,3564.82
63,47403.92,93.3,2544,10.85,2056.05
30,50233.69,144.7,4052,7.18,3692.06
57,33555.87,51.97,2841,8.13,2493.64
59,28399.24,75.15,3714,7.6,3363.54
26,73917.58,96.9,749,15.99,625.71
44,37295.58,50.7,3425,8.01,3143.72
19,35129.11,94.72,1474,7.41,1081.04
22,20000.0,149.84,1825,9.22,1772.07
46,40415.57,100.63,1483,9.02,1388.62
54,30153.65,106.92,1388,4.67,1475.39
55,74630.23,62.2,3437,10.79,2553.61
36,65147.26,81.51,2617,9.27,2424.0
25,39677.74,88.74,3172,8.71,2302.85
62,83786.54,90.47,1826,9.25,1607.11
18,64726.48,138.45,970,8.82,1086.0
39,45127.53,116.73,2487,11.35,2521.99
34,20000.0,66.66,590,9.55,635.99
24,84364.14,107.4,1029,12.2,1109.28
42,29156.41,114.95,4559,5.14,4238.64
62,25319.02,134.2,3273,9.92,2799.72
21,65338.56,147.42,2186,7.62,2831.6
53,86596.29,69.55,691,9.4,876.29
23,70764.09,75.67,2486,11.78,1843.45
48,58458.64,62.27,4123,10.48,3172.23
36,58921.32,92.98,2685,10.72,2260.45
61,62801.23,113.99,4940,13.05,4656.52
56,61383.93,129.62,1508,11.78,1348.84
44,54217.87,97.72,4283,5.63,3377.71
27,51563.02,90.4,4798,8.65,4332.63
43,49061.1,104.55,4787,9.46,4336.52
36,38690.53,74.95,2552,8.12,1622.43
56,45789.87,162.69,3808,9.31,3465.65
20,24605.65,51.77,2216,5.21,1798.19
62,48524.91,105.54,810,14.34,146.36
30,35171.13,160.71,1760,9.2,2084.34
45,33446.16,100.2,4432,13.38,3524.74
37,52698.41,94.3,3768,7.24,3297.9
45,70880.03,89.28,1084,11.64,756.29
25,63774.75,94.59,3299,10.54,2954.8
58,26442.49,141.19,859,7.3,1330.41
56,35155.58,33.64,3366,6.5,2789.51
18,64111.57,146.0,2511,11.1,2144.73
20,35262.69,57.28,4506,6.22,4263.68
30,46630.5,92.0,2125,8.66,1683.11
45,58250.78,87.12,3264,4.93,3008.99
42,35474.83,117.66,1390,10.55,1425.24
50,51580.63,52.06,1231,11.07,869.52
55,29989.62,113.87,4461,9.69,3930.75
23,40979.49,160.73,3004,14.79,2435.06
61,54796.73,59.1,1114,10.29,970.04
62,26105.09,105.69,4306,10.7,3921.17
49,56607.12,80.14,2219,11.91,2133.09
62,49705.43,112.78,2087,4.24,2583.19
64,58287.35,100.57,2111,10.77,1089.05
38,53358.71,80.76,1396,6.52,1257.23
33,70462.11,114.64,777,8.45,305.42
38,51878.37,154.13,2136,8.66,1839.98
28,43558.92,94.27,2658,8.44,2700.81
54,51834.46,121.59,2932,11.32,2962.95
53,58149.47,61.2,4404,10.0,4338.87
52,50732.9,71.31,3762,8.94,3798.49
36,50608.88,114.17,1949,11.26,1680.8
37,39470.12,144.52,1732,11.43,1957.91
35,40056.49,110.67,4617,10.1,4632.99
64,28960.92,90.61,1177,4.81,1164.73
58,76243.65,99.98,3158,9.33,3219.43
31,31342.05,62.49,2528,7.87,2343.3
32,39606.42,118.14,4258,10.81,4224.33
48,39223.89,126.47,2537,6.83,2318.93
18,63423.87,86.44,3149,9.88,2657.7
20,45575.75,85.9,1156,5.87,754.77
33,68716.13,107.98,665,12.65,532.05
40,39897.64,86.9,1089,9.22,1016.54
28,54184.91,98.02,3321,6.98,2808.47
29,37469.79,162.99,4758,7.43,4334.44
27,82177.24,92.59,1762,11.74,1400.03
49,32186.02,89.25,571,11.14,186.95
33,54647.31,80.57,4016,7.15,4042.03
25,59506.65,122.33,4080,12.0,3957.84
55,56206.99,94.56,768,8.62,1014.09
29,47220.69,80.52,2276,10.62,2011.51
41,48052.69,139.64,2962,11.56,2617.01
45,50657.17,142.59,1768,10.7,1264.23
25,47794.97,81.99,1515,5.36,1560.63
45,64458.19,44.0,3222,10.47,2937.02
53,83157.85,130.23,1583,12.77,2238.0
43,41637.62,79.46,4601,9.49,4492.79
25,29452.96,123.72,906,9.34,919.68
45,48675.77,40.9,3576,6.49,3332.51
45,88695.64,126.78,1485,14.14,1579.27
54,37944.88,63.66,4103,9.97,3421.25
58,74586.75,121.92,4985,9.02,4881.05
53,75165.51,100.43,1209,13.4,723.92
44,41696.18,71.38,3118,8.78,2678.06
34,58534.75,87.79,1911,9.94,1172.21
26,74425.95,120.59,1985,10.78,1958.85
50,44313.08,103.18,3450,9.12,3213.32
37,46946.29,117.53,3434,12.44,2841.9
30,41274.79,159.29,4614,12.32,3771.79
45,34778.65,53.07,1503,9.82,1770.55
46,40260.84,148.52,2966,10.35,2623.32
30,31640.9,103.13,2966,10.42,2429.76
63,50511.25,73.04,2438,7.32,2838.37
52,38450.4,60.09,2439,9.29,2017.07
23,53506.79,94.33,2135,9.25,2281.82
35,26661.57,127.65,2198,4.77,1751.77
22,54963.2,96.17,2591,6.5,2319.0
64,62502.93,145.33,2395,9.71,2317.59
42,20093.97,56.46,4740,7.96,4346.83
19,55610.85,99.64,3898,8.45,3644.77
27,68415.03,62.43,1573,8.49,1279.72
47,31855.38,110.91,2902,10.34,2126.0
62,75088.59,126.61,3712,10.18,3777.72
22,56285.29,87.38,4537,12.22,3841.7
50,39424.82,21.87,1651,9.74,1577.57
18,49163.46,105.97,2945,9.62,2875.42
35,58374.9,113.1,2456,11.69,2264.97
49,51140.08,112.13,4407,11.03,3711.52
64,58081.34,137.07,1307,10.15,1526.33
28,36189.9,67.87,686,9.89,774.29
38,52540.41,120.41,1807,12.05,1652.45
43,28794.28,135.78,2784,7.25,2638.9
42,48331.61,46.64,1257,8.66,1654.27
39,36441.39,109.59,4731,9.3,4075.34
44,38967.05,84.87,4354,10.35,4030.7
30,68541.4,97.55,4766,9.49,4158.02
50,66369.65,110.43,2706,9.33,1875.91
51,59137.07,85.38,4058,10.0,3065.84
58,33615.31,79.73,2080,10.64,1556.73
52,45253.87,101.02,1461,6.88,1165.92
18,68196.47,67.38,4347,7.71,4665.85
38,52125.75,67.43,4075,7.91,3964.05
23,84789.94,120.38,1375,10.96,1464.39
45,55899.77,65.54,2918,5.57,2566.18
34,52880.74,119.99,4698,13.04,4107.37
22,45363.25,113.88,1501,9.29,2056.89
48,52003.11,48.23,3884,8.0,3210.23
22,47712.95,79.67,4566,12.22,4147.1
55,60621.63,135.82,3345,12.18,3424.94
20,64350.53,70.57,1981,8.56,2103.37
40,38210.16,86.07,3801,8.96,4003.43
54,30031.51,113.86,1157,8.7,1123.67
54,22456.92,123.5,3280,11.49,3087.88
27,57619.87,92.45,922,9.4,871.08
27,33449.5,82.07,4181,5.43,4116.44
36,20000.0,142.67,4766,5.1,4252.7
34,55828.68,152.17,3210,13.79,3009.77
38,87394.99,129.37,952,10.38,945.34
31,49908.94,102.56,2897,10.89,2603.48
26,62577.36,75.75,2475,9.79,2758.95
63,51227.44,75.09,2157,8.23,1902.12
18,48516.66,115.68,3041,9.22,3126.45
62,63786.15,112.55,3575,13.61,3484.11
30,45645.88,142.05,3664,7.23,3660.12
21,54010.88,119.51,3466,9.32,2857.1
18,54825.47,54.91,2553,10.65,2390.41
57,39978.64,131.56,787,7.06,1322.9
49,64880.64,70.06,3717,12.28,2717.1
51,47375.6,88.48,4354,10.92,3824.77
45,38663.82,107.51,1947,9.63,2111.48
48,58047.65,159.87,1107,10.09,965.47
25,36522.98,193.3,2264,7.87,2334.61
56,50422.72,118.2,1725,11.3,1956.39
43,49863.22,94.5,1735,14.88,1549.26
51,66288.43,116.04,1529,10.93,1518.11
20,57120.47,126.63,3171,6.74,2988.74
29,49624.6,90.38,4462,10.2,4098.76
18,62266.49,153.86,3677,12.91,3837.66
61,70853.11,106.9,4222,8.84,3832.59
22,58367.15,114.93,1975,8.93,1696.21
47,50155.29,119.98,3396,8.41,3426.43
47,30322.46,112.65,1308,7.71,957.7
34,34023.3,125.17,1478,8.86,1166.38
64,45421.63,81.48,2963,7.18,2570.23
40,40857.32,83.25,1225,6.24,1074.34
32,47195.43,67.0,3001,9.05,2667.81
54,50849.75,113.19,3862,9.44,3710.52
38,57945.39,123.37,1716,9.49,1454.11
31,48942.52,113.73,4551,9.89,4326.24
19,57297.52,150.23,2697,7.83,2749.61
28,50967.12,99.83,3306,10.07,2779.98
56,20368.0,120.06,1278,7.59,1437.44
55,35909.97,67.25,1472,8.62,1627.16
51,47838.69,88.39,3310,9.96,2454.73
55,31854.58,120.87,2623,11.27,2419.0
51,58998.93,125.47,1098,10.67,832.74
35,72961.26,91.18,3841,12.61,3750.49
47,68281.43,97.85,724,9.73,501.53
32,46798.36,54.46,1340,7.88,834.19
44,72360.89,89.29,2314,10.22,2071.2
51,52230.01,126.71,1606,11.69,1152.9
55,44943.71,117.26,624,10.85,814.66
50,40798.96,115.02,3746,9.61,3146.86
41,45462.95,101.49,3431,6.85,3193.85
32,44177.35,100.21,4625,10.44,4608.94
47,52556.24,80.19,3471,7.51,3542.33
59,52408.61,120.96,2517,8.21,2457.39
34,50045.69,112.63,2915,7.48,2662.12
22,56554.07,114.76,3596,9.96,3356.27
46,67859.69,84.22,2109,12.5,2054.58
21,64243.31,35.4,1217,6.99,837.02
27,27726.53,132.91,4061,12.4,3816.75
34,20000.0,85.63,1516,9.53,1043.55
27,64014.8,74.12,4065,6.75,3964.41
34,29496.82,120.8,4970,8.13,4237.73
37,46628.52,88.24,2460,7.02,2878.9
41,32448.3,131.8,1548,10.59,1617.05
22,22970.29,118.51,1857,6.54,1272.26
51,58121.94,120.51,3926,7.07,3651.61
23,61387.33,59.02,615,8.6,407.46
19,41352.34,136.36,2595,12.13,2092.31
30,20000.0,107.84,2301,7.77,2169.54
60,41806.33,88.92,2646,9.67,2114.52
60,55877.06,104.3,2120,10.75,2123.58
28,27816.33,46.71,3450,4.3,3514.43
64,52750.4,112.26,4292,8.08,4053.83
40,49770.35,69.12,3441,8.88,3131.53
33,58689.37,59.42,1477,8.01,1558.45
48,51793.71,54.33,3566,12.09,3374.09
28,35403.97,133.38,1283,6.98,1333.91
33,67948.57,81.12,740,8.2,288.18
25,47622.06,146.01,2053,10.88,1597.45
21,49590.43,83.93,1512,7.9,1314.62
57,36000.98,48.78,686,1.99,231.06
21,43350.77,66.5,2381,12.37,2155.74
42,36727.96,137.07,930,7.43,1288.32
20,47405.81,95.32,738,10.4,1039.63
49,75675.63,83.55,2845,7.95,2843.27
20,29421.48,104.8,575,6.84,757.12
44,25796.58,115.05,1856,5.35,2424.84
46,72067.55,133.52,2830,9.79,2810.07
49,46860.14,143.45,2402,8.92,2469.65
36,39963.91,89.21,4513,8.52,3699.62
38,65598.57,60.22,2559,8.74,2737.02
22,40915.77,87.6,640,5.91,724.32
35,77390.15,107.81,2289,9.98,2039.91
45,60168.89,71.09,4126,12.32,3521.34
59,42681.33,71.29,516,11.22,295.68
39,82359.62,110.31,4848,12.24,4635.16
38,40914.28,98.54,964,10.34,858.74
23,61131.43,100.98,4971,14.2,4114.75
18,54489.39,77.25,2327,10.41,1855.57
22,69526.12,93.09,3528,11.63,3171.79
58,73422.67,72.27,1019,6.99,842.08
29,50480.06,126.71,589,7.83,370.34
43,38698.73,131.06,3351,9.49,2622.25
63,56899.58,44.61,3343,7.12,3394.04
51,39834.27,72.11,2384,6.44,2191.27
31,80200.81,55.1,4671,8.35,3957.18
43,52048.03,80.5,1425,6.37,1255.34
62,44520.18,97.5,4234,7.59,4080.17
44,52770.2,56.51,1469,9.45,1340.56
26,29793.11,72.34,1594,11.53,1469.69
43,35425.79,69.88,3695,9.76,3349.12
64,68006.21,106.22,1904,11.8,1299.52
39,40146.59,102.08,3864,5.8,3927.43
64,34296.34,78.35,4790,8.52,3871.75
47,58049.79,105.3,4482,9.87,4181.04
60,67785.56,83.6,4823,10.64,4496.88
34,60784.3,91.85,4513,9.15,4036.64
43,64940.72,150.2,3592,14.58,3178.99
53,38648.07,140.21,4659,9.84,4121.52
18,28672.84,61.01,2574,7.95,2480.73
25,72520.0,124.89,784,7.2,1029.18
52,45159.8,124.34,1687,9.53,1292.3
32,46237.5,65.55,4469,10.92,4185.08
64,69922.91,124.56,3465,12.1,3557.24
39,58343.45,146.14,4819,6.53,4588.13
31,56838.32,66.32,1283,8.27,1027.97
43,82475.04,72.47,1449,14.04,1926.75
45,40347.23,130.53,4439,9.33,4055.52
40,63917.6,108.14,544,11.0,556.84
31,50855.2,116.54,2310,13.11,2086.33
41,54028.88,110.22,2581,9.6,2470.98
19,72927.03,111.72,3998,12.46,3401.43
62,57617.54,60.21,1329,9.91,1256.13
43,58074.44,131.42,2409,11.78,2414.76
31,66087.61,135.09,3081,11.76,2610.57
24,44525.71,93.12,1191,7.99,972.59
20,37411.85,98.7,4519,7.95,4075.12
64,34327.86,54.07,1431,6.09,1016.16
40,20504.65,115.43,3906,5.05,3507.19
63,80843.11,117.16,647,13.87,343.67
60,33451.87,98.13,1532,8.66,1402.19
64,46681.2,133.73,1811,12.4,1841.35
62,45847.8,89.98,887,12.22,1217.4
35,54611.1,116.94,3621,10.18,3273.19
55,62236.06,69.41,2373,6.87,2348.93
52,62907.1,99.29,4088,9.74,3765.87
32,41253.84,94.77,1415,7.62,682.05
42,47493.17,106.76,2378,5.55,1904.87
54,54238.7,88.91,4248,8.49,4118.53
45,46269.63,96.06,777,9.09,966.79
27,74110.18,124.78,2477,9.91,2485.84
56,57364.62,86.9,2359,8.06,2118.06
34,61023.17,51.8,3536,6.53,2708.13
56,59943.22,152.49,3871,11.44,3124.22
39,67602.11,141.44,2682,14.95,2022.7
43,52715.32,61.23,1670,11.42,1669.79
61,30547.52,120.69,989,10.25,784.05
42,55995.32,84.91,3025,10.85,3206.49
34,40229.65,107.9,1682,8.9,1975.76
30,42070.75,108.83,4979,5.67,5202.01
37,58795.46,92.97,4758,9.06,4054.75
42,68574.25,76.49,2988,8.02,2897.93
21,50319.07,79.28,2376,9.41,2011.52
27,54632.5,72.51,2962,11.65,2717.51
20,75533.22,75.05,2130,14.22,1587.59
58,53611.3,97.98,787,9.77,1080.9
62,89025.25,78.53,4782,7.69,4180.66
35,58482.64,120.46,2407,10.46,1574.7
64,23588.56,144.62,1661,9.25,2121.81
53,61300.12,82.6,629,11.07,694.57
64,55717.38,107.18,2863,9.89,2262.29
39,69346.29,114.99,643,10.9,527.68
51,60097.72,114.16,515,9.02,298.89
64,47923.16,102.28,744,8.82,683.19
25,31635.53,122.28,1426,10.05,1527.13
57,46864.65,114.47,3678,5.62,3668.63
61,37242.19,62.87,2676,7.48,2553.71
36,41292.15,126.07,1386,10.96,1239.43
59,58828.68,126.62,840,13.76,1051.86
58,75048.57,77.1,2551,9.5,1733.39
54,55920.07,101.14,3898,12.19,3201.21
23,32061.75,120.5,4450,12.39,3608.52
43,56669.04,93.72,805,8.94,1037.75
51,67949.47,132.19,1407,9.92,1049.6
62,40853.26,170.92,3154,10.1,2454.89
23,47989.74,76.42,4292,8.76,4082.94
54,50220.32,58.57,4542,10.86,3777.69
50,38226.53,109.11,1871,7.55,1627.87
39,59724.21,121.65,820,13.5,1427.33
38,48185.78,93.07,4559,7.67,4448.29
23,56292.99,143.6,1631,8.16,1438.94
23,36687.62,59.84,3078,9.08,2764.01
21,43438.13,120.79,4542,12.05,4270.61
47,60835.72,81.82,3867,10.04,3680.24
28,44407.5,151.58,1317,11.12,1197.75
47,75904.46,159.78,511,15.9,465.62
48,44005.46,77.0,694,11.23,174.42
41,53370.27,83.51,3037,9.4,2247.01
26,63988.86,125.79,3342,9.85,2963.44
20,28724.51,88.39,2729,10.39,2258.01
48,23587.87,98.64,3509,9.81,3343.52
57,27115.16,100.76,2577,9.21,2401.88
54,68938.76,42.41,4367,8.64,3759.08
53,41722.13,99.58,943,8.93,910.78
41,88372.99,79.31,797,10.71,588.55
48,41536.29,85.21,1344,8.16,1856.86
23,52768.27,143.31,1515,9.3,1494.24
19,73131.65,62.3,1884,10.43,1221.13
37,80091.39,124.4,1897,10.2,2253.4
45,80922.55,91.63,1053,11.23,747.52
28,68125.49,91.61,2850,6.04,2388.22
21,65360.94,123.71,1769,9.54,2247.01
32,58887.9,110.2,1760,12.35,1649.78
23,61675.42,117.12,684,8.63,838.75
47,41732.21,129.05,2910,10.85,2818.0
55,37727.02,90.06,4931,7.05,4524.12
19,49949.38,81.63,2709,10.68,2250.36
32,47447.23,67.45,4172,8.13,3712.19
28,43201.58,75.24,2381,7.99,2675.64
25,60445.81,188.47,4796,11.9,4292.04
43,64329.58,137.34,1021,8.28,1334.49
62,51326.1,59.47,2387,10.7,2110.45
61,72162.95,60.33,3052,12.42,2448.09
22,32874.66,114.46,4309,8.21,3525.88
23,47095.11,116.42,4655,10.73,4353.34
43,39247.67,116.47,4916,10.85,4894.36
21,22001.95,92.35,3979,7.76,3407.02
36,48759.79,96.24,1909,7.15,1929.48
37,48173.79,109.84,2194,12.79,1503.92
50,72701.75,102.58,1026,9.9,760.78
37,59462.18,33.42,3160,7.42,3006.81
29,34637.2,93.11,2672,11.87,1839.1
64,77811.39,74.46,779,11.6,685.46
18,68315.51,105.26,3464,11.04,2833.87
43,58731.47,189.56,4477,9.79,4225.99
31,46602.74,111.02,3169,11.16,2769.17
55,35608.41,90.59,3393,14.39,3189.45
54,44416.9,127.65,2251,11.53,1911.3
28,66331.23,114.48,4481,11.6,3556.0
53,78268.79,112.6,2861,12.61,2057.58
30,73148.65,118.21,4927,10.37,3847.14
60,42667.26,161.7,4631,9.69,4376.9
20,33205.74,66.07,2208,7.28,2816.54
50,52113.29,114.21,3186,8.74,3041.54
23,23473.41,72.21,3395,6.91,3664.09
27,54847.52,116.67,3276,9.36,3312.89
22,47785.96,72.44,1619,8.35,1330.51
40,43009.45,87.48,3488,8.35,3578.81
27,26079.45,91.15,4759,8.61,4208.27
61,57704.0,129.27,4743,10.63,4105.17
19,42009.49,127.55,694,9.99,565.94
